{"stats":{"minecraft:picked_up":{"minecraft:spider_eye":1},"minecraft:custom":{"minecraft:jump":141,"minecraft:time_since_rest":577,"minecraft:damage_dealt":298,"minecraft:damage_taken":730,"minecraft:leave_game":5,"minecraft:play_time":26309,"minecraft:crouch_one_cm":448,"minecraft:time_since_death":0,"minecraft:sprint_one_cm":18256,"minecraft:walk_one_cm":34954,"minecraft:walk_on_water_one_cm":1352,"minecraft:deaths":3,"minecraft:sneak_time":151,"minecraft:total_world_time":26309,"minecraft:walk_under_water_one_cm":2956,"minecraft:swim_one_cm":113,"minecraft:fall_one_cm":1858,"minecraft:fly_one_cm":11975},"minecraft:killed":{"minecraft:spider":1},"minecraft:killed_by":{"minecraft:creeper":1,"minecraft:spider":1}},"DataVersion":3120}