{"stats":{"minecraft:used":{"minecraft:brown_terracotta":2,"minecraft:wooden_axe":19,"minecraft:stone_pickaxe":73,"minecraft:cactus":1,"minecraft:wooden_pickaxe":59,"minecraft:sand":3,"minecraft:crafting_table":2},"minecraft:picked_up":{"minecraft:wooden_axe":1,"minecraft:crafting_table":1,"minecraft:stick":22,"minecraft:sandstone":1,"minecraft:brown_terracotta":8,"minecraft:sand":16,"minecraft:oak_log":14,"minecraft:red_terracotta":6,"minecraft:string":1,"minecraft:orange_terracotta":11,"minecraft:light_gray_terracotta":10,"minecraft:cactus":16,"minecraft:red_sand":7,"minecraft:white_terracotta":10,"minecraft:terracotta":26,"minecraft:oak_sapling":9,"minecraft:sugar_cane":8,"minecraft:coal":15,"minecraft:cobblestone":44},"minecraft:broken":{"minecraft:wooden_pickaxe":1},"minecraft:dropped":{"minecraft:wooden_axe":1},"minecraft:custom":{"minecraft:time_since_rest":12525,"minecraft:sprint_one_cm":75138,"minecraft:damage_taken":1460,"minecraft:walk_one_cm":98665,"minecraft:mob_kills":3,"minecraft:drop":1,"minecraft:damage_dealt":733,"minecraft:interact_with_crafting_table":3,"minecraft:fly_one_cm":133662,"minecraft:crouch_one_cm":272,"minecraft:play_time":28846,"minecraft:deaths":5,"minecraft:sneak_time":102,"minecraft:walk_under_water_one_cm":2859,"minecraft:jump":777,"minecraft:leave_game":2,"minecraft:walk_on_water_one_cm":3466,"minecraft:time_since_death":12495,"minecraft:total_world_time":28846,"minecraft:fall_one_cm":18178},"minecraft:crafted":{"minecraft:oak_planks":56,"minecraft:crafting_table":1,"minecraft:stick":12,"minecraft:stone_pickaxe":1,"minecraft:wooden_pickaxe":1,"minecraft:wooden_axe":1,"minecraft:torch":4},"minecraft:mined":{"minecraft:white_terracotta":10,"minecraft:red_terracotta":6,"minecraft:cactus":12,"minecraft:orange_terracotta":11,"minecraft:crafting_table":1,"minecraft:light_gray_terracotta":10,"minecraft:red_sand":7,"minecraft:coal_ore":15,"minecraft:oak_log":14,"minecraft:dead_bush":15,"minecraft:sand":3,"minecraft:brown_terracotta":8,"minecraft:terracotta":27,"minecraft:stone":44,"minecraft:sugar_cane":6,"minecraft:oak_leaves":2,"minecraft:sandstone":1},"minecraft:killed":{"minecraft:zombie":1,"minecraft:spider":2},"minecraft:killed_by":{"minecraft:husk":1,"minecraft:skeleton":3,"minecraft:creeper":1}},"DataVersion":3120}